Workbook

Sheet EXERCICIO
B11: CONFIGURAÇÕES
B12: Salário | D12: 3200
B13: Rendimento Carteira | D13: 0.006
B14: Sugestão de Investimento (20%) | D14: =D12*20% -> 640
B16: INVESTIMENTO MENSAL
B17: Quanto investir por mês? | D17: =D14 -> 640
B18: Por Quantos Anos? | D18: 5
B19: Taxa de Rendimento Mensal? | D19: 0.0108
B20: Patrimio acumulado? | D20: =FV(D19,D18*12,D17*-1) -> 53634.572
B21: Dividendos Mensais? | D21: =D20*D13 -> 321.80743
B23: CENÁRIOS | D23: DIVIDENDO
A24: 2 | B24: Quanto em 2 Anos? | C24: =FV($D$19,$A24*12,$D$17*-1) -> 17427.753 | D24: =$C24*$D$13 -> 104.56652
A25: 3 | B25: Quanto em 3 Anos? | C25: =FV($D$19,$A25*12,$D$17*-1) -> 27978.523 | D25: =$C25*$D$13 -> 167.87114
A26: 10 | B26: Quanto em 10 Anos? | C26: =FV($D$19,$A26*12,$D$17*-1) -> 155812.91 | D26: =$C26*$D$13 -> 934.87744
A27: 15 | B27: Quanto em 15 Anos? | C27: =FV($D$19,$A27*12,$D$17*-1) -> 350471.16 | D27: =$C27*$D$13 -> 2102.8269
A28: 20 | B28: Quanto em 20 Anos? | C28: =FV($D$19,$A28*12,$D$17*-1) -> 721311.36 | D28: =$C28*$D$13 -> 4327.8681
B32: PERFIL | C32: Conservador
B33: VALOR A SER INVESTIDO POR MÊS | C33: =D17 -> 640
B35: TIPO DE FII | C35: Percentual Sugerido | D35: Valores
B36: PAPEL | C36: =VLOOKUP($C$32&"-"&B36,Planilha2!$A:$D,4,) -> 0.3 | D36: =C36*$C$33 -> 192
B37: TIJOLO | C37: =VLOOKUP($C$32&"-"&B37,Planilha2!$A:$D,4,) -> 0.5 | D37: =C37*$C$33 -> 320
B38: HÍBRIDOS | C38: =VLOOKUP($C$32&"-"&B38,Planilha2!$A:$D,4,) -> 0.1 | D38: =C38*$C$33 -> 64
B39: FOFs | C39: =VLOOKUP($C$32&"-"&B39,Planilha2!$A:$D,4,) -> 0.1 | D39: =C39*$C$33 -> 64
B40: DESENVOLVIMENTO | C40: =VLOOKUP($C$32&"-"&B40,Planilha2!$A:$D,4,) -> 0 | D40: =C40*$C$33 -> 0
B41: HOTELARIAS | C41: =VLOOKUP($C$32&"-"&B41,Planilha2!$A:$D,4,) -> 0 | D41: =C41*$C$33 -> 0

Sheet Planilha2
A2: CHAVE | B2: PERFIL | C2: TIPODE FII | D2: %
A3: =+B3&"-"&C3 -> Conservador-PAPEL | B3: Conservador | C3: PAPEL | D3: 0.3
A4: =+B4&"-"&C4 -> Conservador-TIJOLO | B4: Conservador | C4: TIJOLO | D4: 0.5
A5: =+B5&"-"&C5 -> Conservador-HÍBRIDOS | B5: Conservador | C5: HÍBRIDOS | D5: 0.1
A6: =+B6&"-"&C6 -> Conservador-FOFs | B6: Conservador | C6: FOFs | D6: 0.1
A7: =+B7&"-"&C7 -> Conservador-DESENVOLVIMENTO | B7: Conservador | C7: DESENVOLVIMENTO | D7: 0
A8: =+B8&"-"&C8 -> Conservador-HOTELARIAS | B8: Conservador | C8: HOTELARIAS | D8: 0
A9: =+B9&"-"&C9 -> Moderado-PAPEL | B9: Moderado | C9: PAPEL | D9: 0.32
A10: =+B10&"-"&C10 -> Moderado-TIJOLO | B10: Moderado | C10: TIJOLO | D10: 0.35
A11: =+B11&"-"&C11 -> Moderado-HÍBRIDOS | B11: Moderado | C11: HÍBRIDOS | D11: 0.08
A12: =+B12&"-"&C12 -> Moderado-FOFs | B12: Moderado | C12: FOFs | D12: 0.05
A13: =+B13&"-"&C13 -> Moderado-DESENVOLVIMENTO | B13: Moderado | C13: DESENVOLVIMENTO | D13: 0.1
A14: =+B14&"-"&C14 -> Moderado-HOTELARIAS | B14: Moderado | C14: HOTELARIAS | D14: 0.1
... A20: =+B20&"-"&C20 -> Agressivo-HOTELARIAS | B20: Agressivo | C20: HOTELARIAS | D20: 0.1
